[
  {
    "type": "clothing",
    "id": "hair_front-n_malenew05",
    "amount": 1
  },
  {
    "type": "clothing",
    "id": "hair_back-n_malenew05",
    "amount": 1
  },
  {
    "type": "clothing",
    "id": "body-flesh",
    "amount": 1
  },
  {
    "type": "clothing",
    "id": "eye-n_basic2018malesquaresleepy",
    "amount": 1
  },
  {
    "type": "clothing",
    "id": "eyebrow-n_basic2018newbrows07",
    "amount": 1
  },
  {
    "type": "clothing",
    "id": "nose-n_basic2018newnose05",
    "amount": 1
  },
  {
    "type": "clothing",
    "id": "mouth-basic2018chippermouth",
    "amount": 1
  },
  {
    "type": "clothing",
    "id": "freckle-n_basic2018freckle04",
    "amount": 1
  },
  {
    "type": "clothing",
    "id": "shirt-n_room32019denimjackethoodie",
    "amount": 1
  },
  {
    "type": "clothing",
    "id": "pants-n_starteritems2019cuffedjeanswhite",
    "amount": 1
  },
  {
    "type": "clothing",
    "id": "shoes-n_room32019socksneakersgrey",
    "amount": 1
  },
  {
    "type": "clothing",
    "id": "shirt-n_room32019longlineteesweatshirtgrey",
    "amount": 1
  },
  {
    "type": "clothing",
    "id": "pants-n_room32019longshortswithsocksgrey",
    "amount": 1
  },
  {
    "type": "clothing",
    "id": "hair_front-n_basic2018buzzcut",
    "amount": 1
  },
  {
    "type": "clothing",
    "id": "eyebrow-n_basic2018newbrows14",
    "amount": 1
  },
  {
    "type": "clothing",
    "id": "eye-n_basic2018squintynude",
    "amount": 1
  },
  {
    "type": "clothing",
    "id": "nose-n_basic2018newnose09",
    "amount": 1
  },
  {
    "type": "clothing",
    "id": "mouth-basic2018downturnedfullpeaked",
    "amount": 1
  },
  {
    "type": "clothing",
    "id": "nose-n_01",
    "amount": 1
  },
  {
    "type": "clothing",
    "id": "mouth-n_aprilfoolsinvisible2020mouth",
    "amount": 1
  },
  {
    "type": "clothing",
    "id": "hair_front-n_malenew09",
    "amount": 1
  },
  {
    "type": "clothing",
    "id": "hat-n_earthday2025hat",
    "amount": 1
  },
  {
    "type": "clothing",
    "id": "shirt-n_earthday2025sweater",
    "amount": 1
  },
  {
    "type": "clothing",
    "id": "shoes-n_room12019sneakersblack",
    "amount": 1
  },
  {
    "type": "clothing",
    "id": "pants-n_gothanchorstore2022cargopants",
    "amount": 1
  },
  {
    "type": "clothing",
    "id": "eye-n_animecollection2018bishoneneyes",
    "amount": 1
  },
  {
    "type": "clothing",
    "id": "pants-n_room12019formalslacksblack",
    "amount": 1
  },
  {
    "type": "clothing",
    "id": "shirt-n_room12019buttondownblack",
    "amount": 1
  },
  {
    "type": "clothing",
    "id": "necklace-n_room32019locknecklace",
    "amount": 1
  },
  {
    "type": "clothing",
    "id": "pants-n_room32019longshortswithsocksblack",
    "amount": 1
  },
  {
    "type": "clothing",
    "id": "handbag-n_aprilscavengerhunt2021bobatea",
    "amount": 1
  },
  {
    "type": "clothing",
    "id": "watch-n_room32019blackwatch",
    "amount": 1
  },
  {
    "type": "clothing",
    "id": "glasses-n_registrationavatars2023billieglasses",
    "amount": 1
  },
  {
    "type": "clothing",
    "id": "tattoo-n_authenticallyyouudc2024zimtopsurgetats",
    "amount": 1
  },
  {
    "type": "clothing",
    "id": "freckle-n_basic2018freckle22",
    "amount": 1
  },
  {
    "type": "clothing",
    "id": "freckle-n_registrationavatars2023contour",
    "amount": 1
  },
  {
    "type": "clothing",
    "id": "shirt-n_animecollection2018gokushirt",
    "amount": 1
  },
  {
    "type": "clothing",
    "id": "pants-n_animecollection2018gokupants",
    "amount": 1
  },
  {
    "type": "clothing",
    "id": "hair_front-vipnew3_m_02",
    "amount": 1
  },
  {
    "type": "clothing",
    "id": "eye-n_basic2018holloweyes",
    "amount": 1
  },
  {
    "type": "clothing",
    "id": "eyebrow-n_basic2018newbrows01",
    "amount": 1
  },
  {
    "type": "clothing",
    "id": "mouth-basic2018grin",
    "amount": 1
  },
  {
    "type": "clothing",
    "id": "pants-n_starteritems2019mensshortswhite",
    "amount": 1
  },
  {
    "type": "clothing",
    "id": "sock-n_starteritems2020whitesocks",
    "amount": 1
  },
  {
    "type": "clothing",
    "id": "shirt-n_bastilleday2022lisashirt",
    "amount": 1
  },
  {
    "type": "clothing",
    "id": "hair_front-n_malenew04",
    "amount": 1
  },
  {
    "type": "clothing",
    "id": "shirt-n_starteritems2019maletshirtblack",
    "amount": 1
  },
  {
    "type": "clothing",
    "id": "pants-n_starteritems2019mensshortsblack",
    "amount": 1
  },
  {
    "type": "clothing",
    "id": "hat-n_scanengerhunt2020shinycrown_1",
    "amount": 1
  },
  {
    "type": "clothing",
    "id": "pants-n_room32019baggytrackpantsred",
    "amount": 1
  },
  {
    "type": "clothing",
    "id": "shirt-n_room32019hoodiered",
    "amount": 1
  },
  {
    "type": "clothing",
    "id": "hat-n_room22019headphonesblack_1",
    "amount": 1
  },
  {
    "type": "clothing",
    "id": "eye-anime_05",
    "amount": 1
  },
  {
    "type": "clothing",
    "id": "shoes-n_room12019hightopsred",
    "amount": 1
  },
  {
    "type": "clothing",
    "id": "shoes-n_marchscavengerhunt2021knifeboots",
    "amount": 1
  },
  {
    "type": "clothing",
    "id": "shirt-n_hmjacketred",
    "amount": 1
  },
  {
    "type": "clothing",
    "id": "mouth-basic2018downturnedthinround",
    "amount": 1
  },
  {
    "type": "clothing",
    "id": "shirt-n_hmjacketblue",
    "amount": 1
  },
  {
    "type": "clothing",
    "id": "mouth-basic2018thinround",
    "amount": 1
  }
]